{"cameraMode":{"drawMode":0,"name":"Shaded","section":"Shading Mode"},"sceneLighting":false,"audioPlay":false,"sceneViewState":{"showFog":false,"showMaterialUpdate":false,"showSkybox":false,"showFlares":false,"showImageEffects":false,"showParticleSystems":false},"in2DMode":false,"pivot":{"x":-0.6159142851829529,"y":-0.5773683190345764,"z":94.78601837158203},"rotation":{"x":0.3437593877315521,"y":-0.37013623118400576,"z":0.14968058466911317,"w":0.8499941825866699},"size":354.5782775878906,"orthographic":false}