{"cameraMode":{"drawMode":0,"name":"Shaded","section":"Shading Mode"},"sceneLighting":false,"audioPlay":false,"sceneViewState":{"showFog":false,"showMaterialUpdate":false,"showSkybox":false,"showFlares":false,"showImageEffects":false,"showParticleSystems":false},"in2DMode":false,"pivot":{"x":-0.4001338481903076,"y":-0.06842571496963501,"z":-0.4334160089492798},"rotation":{"x":-0.11591190844774246,"y":0.3319835066795349,"z":-0.041145723313093188,"w":-0.9352395534515381},"size":0.8237206339836121,"orthographic":false}