{"cameraMode":{"drawMode":0,"name":"Shaded","section":"Shading Mode"},"sceneLighting":false,"audioPlay":false,"sceneViewState":{"showFog":false,"showMaterialUpdate":false,"showSkybox":false,"showFlares":false,"showImageEffects":false,"showParticleSystems":false},"in2DMode":false,"pivot":{"x":2.384185791015625e-7,"y":0.0000035762786865234377,"z":-0.0000034570693969726564},"rotation":{"x":-0.08259987831115723,"y":-0.051686227321624759,"z":0.0044949655421078209,"w":-0.9953036308288574},"size":3.7589569091796877,"orthographic":false}