{"cameraMode":{"drawMode":0,"name":"Shaded","section":"Shading Mode"},"sceneLighting":true,"audioPlay":false,"sceneViewState":{"showFog":false,"showMaterialUpdate":false,"showSkybox":true,"showFlares":false,"showImageEffects":false,"showParticleSystems":false},"in2DMode":false,"pivot":{"x":-49.461814880371097,"y":-61.99732971191406,"z":-8.758132934570313},"rotation":{"x":-0.7454085946083069,"y":-0.024631081148982049,"z":0.027898643165826799,"w":-0.6657283306121826},"size":39.08533477783203,"orthographic":false}