{"cameraMode":{"drawMode":0,"name":"Shaded","section":"Shading Mode"},"sceneLighting":false,"audioPlay":false,"sceneViewState":{"showFog":false,"showMaterialUpdate":false,"showSkybox":false,"showFlares":false,"showImageEffects":false,"showParticleSystems":false},"in2DMode":false,"pivot":{"x":-0.392413467168808,"y":-6.4528608322143559,"z":4.989407539367676},"rotation":{"x":-0.2495274543762207,"y":0.029625728726387025,"z":-0.007630249485373497,"w":-0.9678970575332642},"size":6.737082481384277,"orthographic":false}