{"cameraMode":{"drawMode":0,"name":"Shaded","section":"Shading Mode"},"sceneLighting":false,"audioPlay":false,"sceneViewState":{"showFog":false,"showMaterialUpdate":false,"showSkybox":false,"showFlares":false,"showImageEffects":false,"showParticleSystems":false},"in2DMode":false,"pivot":{"x":0.9265197515487671,"y":0.5784330368041992,"z":0.2067880630493164},"rotation":{"x":-0.2683470845222473,"y":-0.031155351549386979,"z":0.008884469047188759,"w":-0.9628461003303528},"size":2.684415102005005,"orthographic":false}