{"cameraMode":{"drawMode":0,"name":"Shaded","section":"Shading Mode"},"sceneLighting":true,"audioPlay":false,"sceneViewState":{"showFog":false,"showMaterialUpdate":false,"showSkybox":true,"showFlares":false,"showImageEffects":false,"showParticleSystems":false},"in2DMode":false,"pivot":{"x":1.2362322807312012,"y":-20.90915298461914,"z":15.696191787719727},"rotation":{"x":-0.22862514853477479,"y":-0.07262584567070008,"z":0.017302028834819795,"w":-0.9707578420639038},"size":25.20411491394043,"orthographic":false}