{"cameraMode":{"drawMode":0,"name":"Shaded","section":"Shading Mode"},"sceneLighting":false,"audioPlay":false,"sceneViewState":{"showFog":false,"showMaterialUpdate":false,"showSkybox":false,"showFlares":false,"showImageEffects":false,"showParticleSystems":false},"in2DMode":false,"pivot":{"x":2.384185791015625e-7,"y":-2.384185791015625e-7,"z":-0.0000021457672119140627},"rotation":{"x":-0.1051190197467804,"y":0.01105952262878418,"z":-0.0009691902087070048,"w":-0.9944681525230408},"size":3.9093353748321535,"orthographic":false}